{"label":"forehand_net_shot","confidence":0.8216099739074707,"abstain":false,"probabilities":{"backhand_drive":0.022160040214657784,"backhand_net_shot":0.010964911431074142,"forehand_clear":0.028343189507722855,"forehand_drive":0.11692190170288086,"forehand_net_shot":0.8216099739074707},"model_version":"dev"}
